SRC_NAME,CODE,SRC_TYPE,CLASS,SRC_WEIGHT,RTE_ADJ_F,DEP_BEST,DEP_UPPER,DEP_LOWER,USD,LSD,OW_LSD,MIN_MAG,MIN_RMAG,MMAX_BEST,MMAX_LOWER,MMAX_UPPER,N0_BEST,N0_LOWER,N0_UPPER,BVAL_BEST,BVAL_LOWER,BVAL_UPPER,BVAL_FIX,BVAL_FIX_S,YCOMP,MCOMP,CAT_YMAX,PREF_STK,PREF_DIP,PREF_RKE,SHMAX,SHMAX_SIG,TRT,GMM_TRT,DOMAIN,CAT_FILE
Albany-Fraser,ALF,area,3.0,1.0,1.0,5.0,2.5,10.0,0.0,20.0,999,4.5,3.2,7.5,7.3,7.7,521.6986,568.1496,458.2174,0.945,0.989,0.901,0.945,0.044,1985;1970;1960;1930;1905;1880,3.05;4.05;4.55;5.55;6.05;6.45,2021.739,-999.0,-999.0,-999.0,88.61,15.0,Cratonic,Cratonic,3,NSHA23CAT_V0.1_hmtk_declustered.csv
Amadeus Basin,AMD,area,3.0,1.0,1.0,5.0,2.5,10.0,0.0,20.0,999,4.5,3.2,7.5,7.3,7.7,353.9093,346.3857,331.4633,0.945,0.989,0.901,0.945,0.044,1995;1970;1960;1930;1905;1880,3.05;3.95;4.55;5.55;6.05;6.55,2021.739,-999.0,-999.0,-999.0,44.4,15.0,Cratonic,Cratonic,3,NSHA23CAT_V0.1_hmtk_declustered.csv
Arunta Block,ATB,area,3.0,1.0,1.0,5.0,2.5,10.0,0.0,20.0,999,4.5,3.2,7.5,7.3,7.7,1377.805,1613.173,1150.627,0.945,0.989,0.901,0.945,0.044,1995;1970;1960;1930;1905;1880,3.05;3.95;4.55;5.55;6.05;6.55,2021.739,-999.0,-999.0,-999.0,34.08,20.82,Cratonic,Cratonic,3,NSHA23CAT_V0.1_hmtk_declustered.csv
Ballan,BAL,area,4.0,1.0,1.0,10.0,5.0,15.0,0.0,20.0,999,4.5,3.05,7.5,7.3,7.7,209.3228,102.6998,350.3923,1.188,1.233,1.143,1.188,0.045,1980;1970;1960;1950;1910;1885,3.05;3.45;4.05;4.55;5.65;6.45,2021.739,-999.0,-999.0,-999.0,130.38,15.0,Non_cratonic,Non_cratonic,4,NSHA23CAT_V0.1_hmtk_declustered.csv
Ballarat,BRT,area,4.0,1.0,1.0,10.0,5.0,15.0,0.0,20.0,999,4.5,3.05,7.5,7.3,7.7,363.7322,260.6862,474.6624,1.188,1.233,1.143,1.188,0.045,1980;1970;1960;1950;1910;1885,3.05;3.45;4.05;4.55;5.65;6.45,2021.739,-999.0,-999.0,-999.0,130.38,15.0,Non_cratonic,Non_cratonic,4,NSHA23CAT_V0.1_hmtk_declustered.csv
Bass Strait,BAS,area,5.0,1.0,1.0,10.0,5.0,15.0,0.0,20.0,999,4.5,3.0,7.5,7.3,7.7,3373.735,4317.768,2548.234,1.181,1.247,1.115,1.181,0.066,2000;1970;1960;1950;1885,2.95;3.45;4.05;4.55;5.65,2021.739,-999.0,-999.0,-999.0,134.99,15.0,Extended,Non_cratonic,5,NSHA23CAT_V0.1_hmtk_declustered.csv
Bathurst,BAT,area,4.0,1.0,1.0,10.0,5.0,15.0,0.0,20.0,999,4.5,3.05,7.5,7.3,7.7,2208.441,2397.612,1945.753,1.188,1.233,1.143,1.188,0.045,1990;1960;1945;1885,2.85;3.45;4.55;5.45,2021.739,-999.0,-999.0,-999.0,74.72,15.0,Non_cratonic,Non_cratonic,4,NSHA23CAT_V0.1_hmtk_declustered.csv
Bendigo,BEN,area,4.0,1.0,1.0,10.0,5.0,15.0,0.0,20.0,999,4.5,3.05,7.5,7.3,7.7,264.6614,129.8505,443.0254,1.188,1.233,1.143,1.188,0.045,1980;1970;1960;1950;1910;1885,3.05;3.45;4.05;4.55;5.65;6.45,2021.739,-999.0,-999.0,-999.0,130.38,15.0,Non_cratonic,Non_cratonic,4,NSHA23CAT_V0.1_hmtk_declustered.csv
Bowen,BOW,area,4.0,1.0,1.0,10.0,5.0,15.0,0.0,20.0,999,4.5,3.05,7.5,7.3,7.7,1424.83,1424.83,1424.83,1.188,1.233,1.143,1.188,0.045,2000;1990;1970;1960;1930;1900;1880,2.95;3.45;3.95;4.45;5.55;6.05;6.45,2021.739,-999.0,-999.0,-999.0,45.77,15.0,Non_cratonic,Non_cratonic,4,NSHA23CAT_V0.1_hmtk_declustered.csv
Bunnaloo,BUN,area,4.0,1.0,1.0,10.0,5.0,15.0,0.0,20.0,999,4.5,3.05,7.5,7.3,7.7,1289.135,1277.84,1200.49,1.188,1.233,1.143,1.188,0.045,1980;1970;1960;1950;1910;1885,3.05;3.45;4.05;4.55;5.65;6.45,2021.739,-999.0,-999.0,-999.0,130.38,15.0,Non_cratonic,Non_cratonic,4,NSHA23CAT_V0.1_hmtk_declustered.csv
Burdekin,BUR,area,4.0,1.0,1.0,10.0,5.0,15.0,0.0,20.0,999,4.5,3.05,7.5,7.3,7.7,694.2058,568.5852,816.4931,1.188,1.233,1.143,1.188,0.045,2000;1990;1970;1960;1930;1900;1880,2.95;3.45;3.95;4.45;5.55;6.05;6.45,2021.739,-999.0,-999.0,-999.0,30.2,15.0,Non_cratonic,Non_cratonic,4,NSHA23CAT_V0.1_hmtk_declustered.csv
Canberra,CBR,area,4.0,1.0,1.0,10.0,5.0,15.0,0.0,20.0,999,4.5,3.05,7.5,7.3,7.7,1463.595,1450.771,1362.953,1.188,1.233,1.143,1.188,0.045,1990;1960;1945;1885,2.85;3.45;4.55;5.45,2021.739,-999.0,-999.0,-999.0,92.99,15.0,Non_cratonic,Non_cratonic,4,NSHA23CAT_V0.1_hmtk_declustered.csv
Canning,CNG,area,3.0,1.0,1.0003,5.0,2.5,10.0,0.0,20.0,999,4.5,3.2,7.5,7.3,7.7,3364.155,4239.059,2650.889,0.945,0.989,0.901,0.945,0.044,1985;1970;1960;1930;1905;1880,3.05;4.05;4.55;5.55;6.05;6.45,2021.739,-999.0,-999.0,-999.0,63.69,15.0,Cratonic,Cratonic,3,NSHA23CAT_V0.1_hmtk_declustered.csv
Canowindra,CAN,area,4.0,1.0,1.0,10.0,5.0,15.0,0.0,20.0,999,4.5,3.05,7.5,7.3,7.7,3142.532,3548.521,2696.024,1.188,1.233,1.143,1.188,0.045,1990;1960;1945;1885,2.85;3.45;4.55;5.45,2021.739,-999.0,-999.0,-999.0,67.65,15.0,Non_cratonic,Non_cratonic,4,NSHA23CAT_V0.1_hmtk_declustered.csv
Cape York,CYK,area,1.0,1.0,0.9996,5.0,2.5,10.0,0.0,20.0,999,4.5,3.3,7.3,7.1,7.5,566.5632,566.5632,566.5632,1.115,1.166,1.064,1.115,0.051,1995;1970;1960;1930;1905;1880,3.05;3.95;4.55;5.55;6.05;6.55,2021.739,-999.0,-999.0,-999.0,27.13,15.0,Cratonic,Cratonic,1,NSHA23CAT_V0.1_hmtk_declustered.csv
Carpenteria,CPT,area,1.0,1.0,0.9998,5.0,2.5,10.0,0.0,20.0,999,4.5,3.3,7.3,7.1,7.5,348.6695,263.7244,431.1387,1.115,1.166,1.064,1.115,0.051,1995;1970;1960;1930;1905;1880,3.05;3.95;4.55;5.55;6.05;6.55,2021.739,-999.0,-999.0,-999.0,21.27,22.63,Cratonic,Cratonic,1,NSHA23CAT_V0.1_hmtk_declustered.csv
Clarence Moreton,CLM,area,4.0,1.0,1.0,10.0,5.0,15.0,0.0,20.0,999,4.5,3.05,7.5,7.3,7.7,503.3043,392.129,614.971,1.188,1.233,1.143,1.188,0.045,1980;1970;1960;1930;1900;1880,3.05;3.95;4.45;5.45;6.05;6.45,2021.739,-999.0,-999.0,-999.0,56.62,15.0,Non_cratonic,Non_cratonic,4,NSHA23CAT_V0.1_hmtk_declustered.csv
Cobar,COB,area,4.0,1.0,1.0,10.0,5.0,15.0,0.0,20.0,999,4.5,3.05,7.5,7.3,7.7,2558.452,2724.64,2282.281,1.188,1.233,1.143,1.188,0.045,1995;1980;1970;1960;1930;1905;1880,3.05;3.45;3.95;4.55;5.55;6.05;6.55,2021.739,-999.0,-999.0,-999.0,81.89,15.0,Non_cratonic,Non_cratonic,4,NSHA23CAT_V0.1_hmtk_declustered.csv
Coen Block,CON,area,1.0,1.0,1.0,5.0,2.5,10.0,0.0,20.0,999,4.5,3.3,7.3,7.1,7.5,335.2042,177.9355,518.6179,1.115,1.166,1.064,1.115,0.051,2000;1990;1970;1960;1930;1900;1880,2.95;3.45;3.95;4.45;5.55;6.05;6.45,2021.739,-999.0,-999.0,-999.0,22.2,15.0,Cratonic,Cratonic,1,NSHA23CAT_V0.1_hmtk_declustered.csv
Coorong,COO,area,2.0,1.0,1.0,10.0,5.0,15.0,0.0,20.0,999,4.5,3.0,7.5,7.3,7.7,1964.473,1827.158,2070.021,1.311,1.357,1.265,1.311,0.046,1980;1970;1960;1950;1910;1885,3.05;3.45;4.05;4.55;5.65;6.45,2021.739,-999.0,-999.0,-999.0,126.73,15.0,Non_cratonic,Non_cratonic,2,NSHA23CAT_V0.1_hmtk_declustered.csv
Copeton,COP,area,4.0,1.0,1.0,10.0,5.0,15.0,0.0,20.0,999,4.5,3.05,7.5,7.3,7.7,2899.709,3238.854,2506.557,1.188,1.233,1.143,1.188,0.045,1980;1970;1960;1930;1900;1880,3.05;3.95;4.45;5.45;6.05;6.45,2021.739,-999.0,-999.0,-999.0,59.58,15.0,Non_cratonic,Non_cratonic,4,NSHA23CAT_V0.1_hmtk_declustered.csv
Dalton,DAL,area,4.0,1.0,1.0,10.0,5.0,15.0,0.0,20.0,999,4.5,3.05,7.5,7.3,7.7,2266.92,2487.575,1983.204,1.188,1.233,1.143,1.188,0.045,1990;1960;1945;1885,2.85;3.45;4.55;5.45,2021.739,-999.0,-999.0,-999.0,74.72,15.0,Non_cratonic,Non_cratonic,4,NSHA23CAT_V0.1_hmtk_declustered.csv
Darnum,DAR,area,4.0,1.0,1.0,10.0,5.0,15.0,0.0,20.0,999,4.5,3.05,7.5,7.3,7.7,503.3043,392.129,614.971,1.188,1.233,1.143,1.188,0.045,1980;1970;1960;1950;1910;1885,3.05;3.45;4.05;4.55;5.65;6.45,2021.739,-999.0,-999.0,-999.0,134.99,15.0,Non_cratonic,Non_cratonic,4,NSHA23CAT_V0.1_hmtk_declustered.csv
Deddick,DED,area,4.0,1.0,1.0,10.0,5.0,15.0,0.0,20.0,999,4.5,3.05,7.5,7.3,7.7,1718.0,1815.906,1539.827,1.188,1.233,1.143,1.188,0.045,1980;1970;1960;1950;1910;1885,3.05;3.45;4.05;4.55;5.65;6.45,2021.739,-999.0,-999.0,-999.0,126.11,15.0,Non_cratonic,Non_cratonic,4,NSHA23CAT_V0.1_hmtk_declustered.csv
Denison,DEN,area,2.0,1.0,1.0,10.0,5.0,15.0,0.0,20.0,999,4.5,3.0,7.5,7.3,7.7,10408.61,12572.55,8500.677,1.311,1.357,1.265,1.311,0.046,1970;1960;1950;1885,2.95;4.05;4.55;5.65,2021.739,-999.0,-999.0,-999.0,97.84,15.0,Non_cratonic,Non_cratonic,2,NSHA23CAT_V0.1_hmtk_declustered.csv
Drummond,DMD,area,4.0,1.0,1.0,10.0,5.0,15.0,0.0,20.0,999,4.5,3.05,7.5,7.3,7.7,1612.166,1612.166,1612.166,1.188,1.233,1.143,1.188,0.045,2000;1990;1970;1960;1930;1900;1880,2.95;3.45;3.95;4.45;5.55;6.05;6.45,2021.739,-999.0,-999.0,-999.0,41.94,15.0,Non_cratonic,Non_cratonic,4,NSHA23CAT_V0.1_hmtk_declustered.csv
East Sydney Basin,ESB,area,4.0,1.0,1.0,10.0,5.0,15.0,0.0,20.0,999,4.5,3.05,7.5,7.3,7.7,621.3382,519.5596,715.801,1.188,1.233,1.143,1.188,0.045,1990;1960;1945;1885,2.85;3.45;4.55;5.45,2021.739,-999.0,-999.0,-999.0,74.72,15.0,Non_cratonic,Non_cratonic,4,NSHA23CAT_V0.1_hmtk_declustered.csv
East Tasmania,ETA,area,4.0,1.0,1.0,10.0,5.0,15.0,0.0,20.0,999,4.5,3.0,7.5,7.3,7.7,1113.322,1092.192,1047.565,1.188,1.233,1.143,1.188,0.045,1990;1960;1945;1885,2.95;3.45;4.55;5.45,2021.739,-999.0,-999.0,-999.0,140.16,15.0,Non_cratonic,Non_cratonic,4,NSHA23CAT_V0.1_hmtk_declustered.csv
Eastern Highlands,EHI,area,4.0,1.0,1.0,10.0,5.0,15.0,0.0,20.0,999,4.5,3.05,7.5,7.3,7.7,1640.113,1733.58,1470.017,1.188,1.233,1.143,1.188,0.045,1980;1970;1960;1950;1910;1885,3.05;3.45;4.05;4.55;5.65;6.45,2021.739,-999.0,-999.0,-999.0,126.11,15.0,Non_cratonic,Non_cratonic,4,NSHA23CAT_V0.1_hmtk_declustered.csv
Eucla,EUC,area,3.0,1.0,1.0,5.0,2.5,10.0,0.0,20.0,999,4.5,3.2,7.5,7.3,7.7,302.5172,300.8002,280.8407,0.945,0.989,0.901,0.945,0.044,1985;1970;1960;1930;1905;1880,3.05;4.05;4.55;5.55;6.05;6.45,2021.739,-999.0,-999.0,-999.0,95.19,15.0,Cratonic,Cratonic,3,NSHA23CAT_V0.1_hmtk_declustered.csv
Eucumbene,EBN,area,4.0,1.0,1.0,10.0,5.0,15.0,0.0,20.0,999,4.5,3.05,7.5,7.3,7.7,643.0756,556.9757,723.3322,1.188,1.233,1.143,1.188,0.045,1980;1970;1960;1950;1910;1885,3.05;3.45;4.05;4.55;5.65;6.45,2021.739,-999.0,-999.0,-999.0,126.11,15.0,Non_cratonic,Non_cratonic,4,NSHA23CAT_V0.1_hmtk_declustered.csv
Exmouth Plateau,EXP,area,7.0,1.0,1.0,10.0,5.0,15.0,0.0,20.0,999,4.5,3.5,7.7,7.5,7.9,1461.629,2337.572,843.6205,1.0,1.1,0.9,1.0,0.1,2000;1980;1964;1930;1900,3.45;4.55;5.05;5.55;6.05,2021.739,-999.0,-999.0,-999.0,107.89,15.0,Extended,Non_cratonic,7,NSHA23CAT_V0.1_hmtk_declustered.csv
Flinders Island,FLI,area,5.0,1.0,1.0,10.0,5.0,15.0,0.0,20.0,999,4.5,3.0,7.5,7.3,7.7,455.728,430.49,464.7506,1.181,1.247,1.115,1.181,0.066,1990;1960;1945;1885,2.95;3.45;4.55;5.45,2021.739,-999.0,-999.0,-999.0,135.95,15.0,Extended,Non_cratonic,5,NSHA23CAT_V0.1_hmtk_declustered.csv
Forbes-Tumut,FBT,area,4.0,1.0,1.0,10.0,5.0,15.0,0.0,20.0,999,4.5,3.05,7.5,7.3,7.7,1402.999,1410.122,1296.205,1.188,1.233,1.143,1.188,0.045,1990;1960;1945;1885,2.85;3.45;4.55;5.45,2021.739,-999.0,-999.0,-999.0,80.32,15.0,Non_cratonic,Non_cratonic,4,NSHA23CAT_V0.1_hmtk_declustered.csv
Gascoyne,GAS,area,3.0,1.0,1.0,5.0,2.5,10.0,0.0,20.0,999,4.5,3.2,7.5,7.3,7.7,922.5118,1066.068,777.8178,0.945,0.989,0.901,0.945,0.044,1985;1970;1960;1930;1905;1880,3.05;4.05;4.55;5.55;6.05;6.45,2021.739,-999.0,-999.0,-999.0,97.83,15.0,Cratonic,Cratonic,3,NSHA23CAT_V0.1_hmtk_declustered.csv
Georgetown Block,GTB,area,1.0,1.0,1.0,5.0,2.5,10.0,0.0,20.0,999,4.5,3.3,7.3,7.1,7.5,501.5724,379.3761,620.207,1.115,1.166,1.064,1.115,0.051,2000;1990;1970;1960;1930;1900;1880,2.95;3.45;3.95;4.45;5.55;6.05;6.45,2021.739,-999.0,-999.0,-999.0,24.41,15.0,Cratonic,Cratonic,1,NSHA23CAT_V0.1_hmtk_declustered.csv
Georgina Basin,GGB,area,1.0,1.0,1.0,5.0,2.5,10.0,0.0,20.0,999,4.5,3.3,7.3,7.1,7.5,184.5177,94.55653,295.7169,1.115,1.166,1.064,1.115,0.051,1995;1970;1960;1930;1905;1880,3.05;3.95;4.55;5.55;6.05;6.55,2021.739,-999.0,-999.0,-999.0,50.19,29.0,Cratonic,Cratonic,1,NSHA23CAT_V0.1_hmtk_declustered.csv
Gippsland,GIP,area,5.0,1.0,1.0,10.0,5.0,15.0,0.0,20.0,999,4.5,3.0,7.5,7.3,7.7,1496.267,1783.9,1176.574,1.181,1.247,1.115,1.181,0.066,1980;1970;1960;1950;1910;1885,3.05;3.45;4.05;4.55;5.65;6.45,2021.739,-999.0,-999.0,-999.0,134.99,15.0,Extended,Non_cratonic,5,NSHA23CAT_V0.1_hmtk_declustered.csv
Grampians,GPN,area,4.0,1.0,1.0,10.0,5.0,15.0,0.0,20.0,999,4.5,3.05,7.5,7.3,7.7,584.5095,483.7254,680.3868,1.188,1.233,1.143,1.188,0.045,1980;1970;1960;1950;1910;1885,3.05;3.45;4.05;4.55;5.65;6.45,2021.739,-999.0,-999.0,-999.0,129.51,15.0,Non_cratonic,Non_cratonic,4,NSHA23CAT_V0.1_hmtk_declustered.csv
Gunnedah,GNH,area,4.0,1.0,1.0,10.0,5.0,15.0,0.0,20.0,999,4.5,3.05,7.5,7.3,7.7,1006.608,951.3271,1049.413,1.188,1.233,1.143,1.188,0.045,1980;1970;1960;1930;1900;1880,3.05;3.95;4.45;5.45;6.05;6.45,2021.739,-999.0,-999.0,-999.0,60.14,15.0,Non_cratonic,Non_cratonic,4,NSHA23CAT_V0.1_hmtk_declustered.csv
Halls Creek,HLC,area,1.0,1.0,1.0,5.0,2.5,10.0,0.0,20.0,999,4.5,3.3,7.3,7.1,7.5,3587.537,4353.511,2869.38,1.115,1.166,1.064,1.115,0.051,1985;1970;1960;1930;1905;1880,3.05;4.05;4.55;5.55;6.05;6.45,2021.739,-999.0,-999.0,-999.0,54.13,15.0,Cratonic,Cratonic,1,NSHA23CAT_V0.1_hmtk_declustered.csv
Hamersley,HAM,area,3.0,1.0,1.0,5.0,2.5,10.0,0.0,20.0,999,4.5,3.2,7.5,7.3,7.7,240.0762,227.5979,249.5083,0.945,0.989,0.901,0.945,0.044,1985;1970;1960;1930;1905;1880,3.05;4.05;4.55;5.55;6.05;6.45,2021.739,-999.0,-999.0,-999.0,96.03,15.0,Cratonic,Cratonic,3,NSHA23CAT_V0.1_hmtk_declustered.csv
Heathcote,HEA,area,4.0,1.0,1.0,10.0,5.0,15.0,0.0,20.0,999,4.5,3.05,7.5,7.3,7.7,834.4279,770.6708,885.4572,1.188,1.233,1.143,1.188,0.045,1980;1970;1960;1950;1910;1885,3.05;3.45;4.05;4.55;5.65;6.45,2021.739,-999.0,-999.0,-999.0,130.38,15.0,Non_cratonic,Non_cratonic,4,NSHA23CAT_V0.1_hmtk_declustered.csv
Hodgkinson Foldbelt,HKF,area,4.0,1.0,1.0,10.0,5.0,15.0,0.0,20.0,999,4.5,3.05,7.5,7.3,7.7,2878.824,3065.822,2568.071,1.188,1.233,1.143,1.188,0.045,2000;1990;1970;1960;1930;1900;1880,2.95;3.45;3.95;4.45;5.55;6.05;6.45,2021.739,-999.0,-999.0,-999.0,14.06,15.0,Non_cratonic,Non_cratonic,4,NSHA23CAT_V0.1_hmtk_declustered.csv
Hume,HUM,area,4.0,1.0,1.0,10.0,5.0,15.0,0.0,20.0,999,4.5,3.05,7.5,7.3,7.7,998.4145,922.1276,1059.472,1.188,1.233,1.143,1.188,0.045,1990;1960;1945;1885,2.85;3.45;4.55;5.45,2021.739,-999.0,-999.0,-999.0,92.99,15.0,Non_cratonic,Non_cratonic,4,NSHA23CAT_V0.1_hmtk_declustered.csv
Illawarra,IWA,area,4.0,1.0,1.0,10.0,5.0,15.0,0.0,20.0,999,4.5,3.05,7.5,7.3,7.7,119.6901,119.6901,119.6901,1.188,1.233,1.143,1.188,0.045,1990;1960;1945;1885,2.85;3.45;4.55;5.45,2021.739,-999.0,-999.0,-999.0,74.72,15.0,Non_cratonic,Non_cratonic,4,NSHA23CAT_V0.1_hmtk_declustered.csv
Kangaroo Island,KGI,area,2.0,1.0,1.0,10.0,5.0,15.0,0.0,20.0,999,4.5,3.0,7.5,7.3,7.7,2067.396,2096.096,1903.149,1.311,1.357,1.265,1.311,0.046,1970;1960;1950;1885,2.95;4.05;4.55;5.65,2021.739,-999.0,-999.0,-999.0,117.11,15.0,Non_cratonic,Non_cratonic,2,NSHA23CAT_V0.1_hmtk_declustered.csv
Mt Lofty Ranges,MLR,area,2.0,1.0,1.0,10.0,5.0,15.0,0.0,20.0,999,4.5,3.0,7.5,7.3,7.7,4495.32,5057.993,3870.389,1.311,1.357,1.265,1.311,0.046,1970;1960;1950;1885,2.95;4.05;4.55;5.65,2021.739,-999.0,-999.0,-999.0,117.11,15.0,Non_cratonic,Non_cratonic,2,NSHA23CAT_V0.1_hmtk_declustered.csv
Kimberley,KIM,area,1.0,1.0,1.0,5.0,2.5,10.0,0.0,20.0,999,4.5,3.3,7.3,7.1,7.5,2944.329,3482.617,2397.047,1.115,1.166,1.064,1.115,0.051,1985;1970;1960;1930;1905;1880,3.05;4.05;4.55;5.55;6.05;6.45,2021.739,-999.0,-999.0,-999.0,59.87,15.0,Cratonic,Cratonic,1,NSHA23CAT_V0.1_hmtk_declustered.csv
Korumba Basin,KBB,area,1.0,1.0,1.0,5.0,2.5,10.0,0.0,20.0,999,4.5,3.3,7.3,7.1,7.5,759.7727,759.7727,759.7727,1.115,1.166,1.064,1.115,0.051,1995;1970;1960;1930;1905;1880,3.05;3.95;4.55;5.55;6.05;6.55,2021.739,-999.0,-999.0,-999.0,85.3,58.47,Cratonic,Cratonic,1,NSHA23CAT_V0.1_hmtk_declustered.csv
Laura Basin,LRB,area,4.0,1.0,1.0,10.0,5.0,15.0,0.0,20.0,999,4.5,3.05,7.5,7.3,7.7,1207.615,1207.615,1207.615,1.188,1.233,1.143,1.188,0.045,2000;1990;1970;1960;1930;1900;1880,2.95;3.45;3.95;4.45;5.55;6.05;6.45,2021.739,-999.0,-999.0,-999.0,94.74,72.55,Non_cratonic,Non_cratonic,4,NSHA23CAT_V0.1_hmtk_declustered.csv
Leigh Creek,LEC,area,2.0,1.0,1.0,10.0,5.0,15.0,0.0,20.0,999,4.5,3.0,7.5,7.3,7.7,9292.161,11137.07,7635.401,1.311,1.357,1.265,1.311,0.046,1970;1960;1950;1885,2.95;4.05;4.55;5.65,2021.739,-999.0,-999.0,-999.0,97.88,15.0,Non_cratonic,Non_cratonic,2,NSHA23CAT_V0.1_hmtk_declustered.csv
Mackay,MAC,area,4.0,1.0,1.0,10.0,5.0,15.0,0.0,20.0,999,4.5,3.3,7.5,7.3,7.7,4264.846,4636.978,3726.449,1.188,1.233,1.143,1.188,0.045,2000;1990;1970;1960;1930;1900;1880,2.95;3.45;3.95;4.45;5.55;6.05;6.45,2021.739,-999.0,-999.0,-999.0,36.06,15.0,Non_cratonic,Non_cratonic,4,NSHA23CAT_V0.1_hmtk_declustered.csv
Mallacoota,MAL,area,4.0,1.0,1.0,10.0,5.0,15.0,0.0,20.0,999,4.5,3.05,7.5,7.3,7.7,1648.584,1656.953,1523.096,1.188,1.233,1.143,1.188,0.045,1990;1970;1960;1950;1885,2.95;3.45;4.05;4.55;5.65,2021.739,-999.0,-999.0,-999.0,116.86,15.0,Non_cratonic,Non_cratonic,4,NSHA23CAT_V0.1_hmtk_declustered.csv
Gladstone,GLD,area,7.0,1.0,1.0,10.0,5.0,15.0,0.0,20.0,999,4.5,3.2,7.7,7.5,7.9,916.8229,1459.169,545.738,1.0,1.1,0.9,1.0,0.1,2000;1990;1970;1960;1930;1900;1880,2.95;3.45;3.95;4.45;5.55;6.05;6.45,2021.739,-999.0,-999.0,-999.0,52.42,15.0,Extended,Non_cratonic,7,NSHA23CAT_V0.1_hmtk_declustered.csv
McArthur,MCA,area,1.0,1.0,1.0,5.0,2.5,10.0,0.0,20.0,999,4.5,3.3,7.3,7.1,7.5,469.1759,390.3319,536.8583,1.115,1.166,1.064,1.115,0.051,1995;1970;1960;1930;1905;1880,3.05;3.95;4.55;5.55;6.05;6.55,2021.739,-999.0,-999.0,-999.0,26.73,15.0,Cratonic,Cratonic,1,NSHA23CAT_V0.1_hmtk_declustered.csv
Merimbula,MIM,area,4.0,1.0,1.0,10.0,5.0,15.0,0.0,20.0,999,4.5,3.05,7.5,7.3,7.7,1362.694,1350.754,1268.99,1.188,1.233,1.143,1.188,0.045,1990;1970;1960;1950;1885,2.95;3.45;4.05;4.55;5.65,2021.739,-999.0,-999.0,-999.0,95.79,21.07,Non_cratonic,Non_cratonic,4,NSHA23CAT_V0.1_hmtk_declustered.csv
Merredin,MER,area,1.0,1.0,1.0,5.0,2.5,10.0,0.0,20.0,999,4.5,3.2,7.3,7.1,7.5,8276.167,10904.72,6230.561,1.115,1.166,1.064,1.115,0.051,1980;1960;1950;1900;1880,3.15;3.55;4.55;5.65;6.45,2021.739,-999.0,-999.0,-999.0,88.46,15.0,Cratonic,Cratonic,1,NSHA23CAT_V0.1_hmtk_declustered.csv
Mornington,MTN,area,5.0,1.0,1.0,10.0,5.0,15.0,0.0,20.0,999,4.5,3.0,7.5,7.3,7.7,794.3992,850.2936,727.3904,1.181,1.247,1.115,1.181,0.066,1980;1970;1960;1950;1910;1885,3.05;3.45;4.05;4.55;5.65;6.45,2021.739,-999.0,-999.0,-999.0,134.56,15.0,Extended,Non_cratonic,5,NSHA23CAT_V0.1_hmtk_declustered.csv
Mt Isa,MIS,area,1.0,1.0,0.9999,5.0,2.5,10.0,0.0,20.0,999,4.5,3.3,7.3,7.1,7.5,1221.434,1221.434,1221.434,1.115,1.166,1.064,1.115,0.051,1995;1970;1960;1930;1905;1880,3.05;3.95;4.55;5.55;6.05;6.55,2021.739,-999.0,-999.0,-999.0,89.42,15.0,Cratonic,Cratonic,1,NSHA23CAT_V0.1_hmtk_declustered.csv
Murray Darling,MDG,area,4.0,1.0,1.0,10.0,5.0,15.0,0.0,20.0,999,4.5,3.05,7.5,7.3,7.7,768.9516,611.642,920.2864,1.188,1.233,1.143,1.188,0.045,1980;1970;1960;1950;1910;1885,3.05;3.45;4.05;4.55;5.65;6.45,2021.739,-999.0,-999.0,-999.0,102.23,15.0,Non_cratonic,Non_cratonic,4,NSHA23CAT_V0.1_hmtk_declustered.csv
Murray Shelf,MYS,area,4.0,1.0,1.0,10.0,5.0,15.0,0.0,20.0,999,4.5,3.05,7.5,7.3,7.7,1548.739,1609.127,1402.933,1.188,1.233,1.143,1.188,0.045,1980;1970;1960;1950;1910;1885,3.05;3.45;4.05;4.55;5.65;6.45,2021.739,-999.0,-999.0,-999.0,117.22,15.0,Non_cratonic,Non_cratonic,4,NSHA23CAT_V0.1_hmtk_declustered.csv
Musgrave Block,MUS,area,3.0,1.0,1.0,5.0,2.5,10.0,0.0,20.0,999,4.5,3.2,7.5,7.3,7.7,1240.882,1440.733,1042.686,0.945,0.989,0.901,0.945,0.044,1995;1970;1960;1930;1905;1880,3.05;3.95;4.55;5.55;6.05;6.55,2021.739,-999.0,-999.0,-999.0,56.62,15.0,Cratonic,Cratonic,3,NSHA23CAT_V0.1_hmtk_declustered.csv
Naturaliste Plateau,NLP,area,7.0,1.0,1.0,10.0,5.0,15.0,0.0,20.0,999,4.5,3.2,7.7,7.5,7.9,1107.993,1377.642,803.041,1.0,1.1,0.9,1.0,0.1,2000;1980;1964;1900,3.2;3.5;5.0;6.0,2021.739,-999.0,-999.0,-999.0,90.61,15.0,Extended,Non_cratonic,7,NSHA23CAT_V0.1_hmtk_declustered.csv
Newcastle,NEW,area,4.0,1.0,1.0,10.0,5.0,15.0,0.0,20.0,999,4.5,3.05,7.5,7.3,7.7,941.3913,889.6914,981.423,1.188,1.233,1.143,1.188,0.045,1980;1970;1960;1930;1900;1880,3.05;3.95;4.45;5.45;6.05;6.45,2021.739,-999.0,-999.0,-999.0,61.78,15.0,Non_cratonic,Non_cratonic,4,NSHA23CAT_V0.1_hmtk_declustered.csv
North Sydney Basin,NSB,area,4.0,1.0,1.0,10.0,5.0,15.0,0.0,20.0,999,4.5,3.05,7.5,7.3,7.7,1807.584,1910.595,1620.121,1.188,1.233,1.143,1.188,0.045,1990;1960;1945;1885,2.85;3.45;4.55;5.45,2021.739,-999.0,-999.0,-999.0,63.72,15.0,Non_cratonic,Non_cratonic,4,NSHA23CAT_V0.1_hmtk_declustered.csv
North West Shelf,NWS,area,6.0,1.0,1.0,10.0,5.0,15.0,0.0,20.0,999,4.5,3.2,7.7,7.5,7.9,2332.555,2929.876,1827.535,0.983,1.033,0.933,0.983,0.05,2000;1980;1964;1900,3.2;3.5;5.0;6.0,2021.739,-999.0,-999.0,-999.0,91.65,15.0,Extended,Non_cratonic,6,NSHA23CAT_V0.1_hmtk_declustered.csv
Officer Basin,OFB,area,3.0,1.0,1.0,5.0,2.5,10.0,0.0,20.0,999,4.5,3.2,7.5,7.3,7.7,808.863,924.8256,687.2281,0.945,0.989,0.901,0.945,0.044,1985;1970;1960;1930;1905;1880,3.05;4.05;4.55;5.55;6.05;6.45,2021.739,-999.0,-999.0,-999.0,79.95,15.0,Cratonic,Cratonic,3,NSHA23CAT_V0.1_hmtk_declustered.csv
Ord,ORD,area,1.0,1.0,0.9989,5.0,2.5,10.0,0.0,20.0,999,4.5,3.3,7.3,7.1,7.5,1790.051,1894.713,1561.081,1.115,1.166,1.064,1.115,0.051,1995;1970;1960;1930;1905;1880,3.05;3.95;4.55;5.55;6.05;6.55,2021.739,-999.0,-999.0,-999.0,48.2,15.0,Cratonic,Cratonic,1,NSHA23CAT_V0.1_hmtk_declustered.csv
Otway Basin East,OBE,area,5.0,1.0,1.0,10.0,5.0,15.0,0.0,20.0,999,4.5,3.0,7.5,7.3,7.7,165.0861,46.80118,332.4486,1.181,1.247,1.115,1.181,0.066,1980;1970;1960;1950;1910;1885,3.05;3.45;4.05;4.55;5.65;6.45,2021.739,-999.0,-999.0,-999.0,134.56,15.0,Extended,Non_cratonic,5,NSHA23CAT_V0.1_hmtk_declustered.csv
Otway Basin West,OBW,area,5.0,1.0,1.0,10.0,5.0,15.0,0.0,20.0,999,4.5,3.0,7.5,7.3,7.7,2612.428,3381.67,1948.576,1.181,1.247,1.115,1.181,0.066,1980;1970;1960;1950;1910;1885,3.05;3.45;4.05;4.55;5.65;6.45,2021.739,-999.0,-999.0,-999.0,128.14,15.0,Extended,Non_cratonic,5,NSHA23CAT_V0.1_hmtk_declustered.csv
Otway Ranges,OTR,area,5.0,1.0,1.0,10.0,5.0,15.0,0.0,20.0,999,4.5,3.0,7.5,7.3,7.7,1044.657,1144.176,939.7445,1.181,1.247,1.115,1.181,0.066,1985;1970;1960;1930;1905;1880,3.05;4.05;4.55;5.55;6.05;6.45,2021.739,-999.0,-999.0,-999.0,134.56,15.0,Extended,Non_cratonic,5,NSHA23CAT_V0.1_hmtk_declustered.csv
Otway Shelf,OTS,area,5.0,1.0,1.0,10.0,5.0,15.0,0.0,20.0,999,4.5,3.0,7.5,7.3,7.7,2275.1,2512.536,2020.188,1.181,1.247,1.115,1.181,0.066,1980;1964;1900,3.5;5.0;6.0,2021.739,-999.0,-999.0,-999.0,134.96,15.0,Extended,Non_cratonic,5,NSHA23CAT_V0.1_hmtk_declustered.csv
Outer North West Shelf,ONS,area,7.0,1.0,1.0782,10.0,5.0,15.0,0.0,20.0,999,4.5,3.5,7.7,7.5,7.9,1264.251,2156.024,702.3155,1.0,1.1,0.9,1.0,0.1,2000;1980;1964;1900,3.2;3.5;5.0;6.0,2021.739,-999.0,-999.0,-999.0,105.65,15.0,Extended,Non_cratonic,7,NSHA23CAT_V0.1_hmtk_declustered.csv
Ovens Valley Graben,OVG,area,4.0,1.0,1.0,10.0,5.0,15.0,0.0,20.0,999,4.5,3.05,7.5,7.3,7.7,89.13762,89.13762,89.13762,1.188,1.233,1.143,1.188,0.045,1990;1960;1945;1885,2.85;3.45;4.55;5.45,2021.739,-999.0,-999.0,-999.0,113.15,15.0,Non_cratonic,Non_cratonic,4,NSHA23CAT_V0.1_hmtk_declustered.csv
Perth Basin,PTB,area,6.0,1.0,1.0,10.0,5.0,15.0,0.0,20.0,999,4.5,3.2,7.7,7.5,7.9,530.0453,571.3132,461.0234,0.983,1.033,0.933,0.983,0.05,1985;1970;1960;1930;1905;1880,3.05;4.05;4.55;5.55;6.05;6.45,2021.739,-999.0,-999.0,-999.0,88.68,15.0,Extended,Non_cratonic,6,NSHA23CAT_V0.1_hmtk_declustered.csv
Pilbara,PIL,area,1.0,1.0,1.0,5.0,2.5,10.0,0.0,20.0,999,4.5,3.3,7.3,7.1,7.5,5775.949,7308.79,4480.055,1.115,1.166,1.064,1.115,0.051,1985;1970;1960;1930;1905;1880,3.05;4.05;4.55;5.55;6.05;6.45,2021.739,-999.0,-999.0,-999.0,105.96,15.0,Cratonic,Cratonic,1,NSHA23CAT_V0.1_hmtk_declustered.csv
Pine Creek,PNC,area,1.0,1.0,1.0001,5.0,2.5,10.0,0.0,20.0,999,4.5,3.3,7.3,7.1,7.5,1507.15,1570.27,1326.019,1.115,1.166,1.064,1.115,0.051,1995;1970;1960;1930;1905;1880,3.05;3.95;4.55;5.55;6.05;6.55,2021.739,-999.0,-999.0,-999.0,45.12,15.0,Cratonic,Cratonic,1,NSHA23CAT_V0.1_hmtk_declustered.csv
Port Phillip,PPL,area,5.0,1.0,1.0,10.0,5.0,15.0,0.0,20.0,999,4.5,3.0,7.5,7.3,7.7,841.1247,921.2545,756.6525,1.181,1.247,1.115,1.181,0.066,1980;1970;1960;1950;1910;1885,3.05;3.45;4.05;4.55;5.65;6.45,2021.739,-999.0,-999.0,-999.0,134.56,15.0,Extended,Non_cratonic,5,NSHA23CAT_V0.1_hmtk_declustered.csv
Renmark,REN,area,4.0,1.0,1.0,10.0,5.0,15.0,0.0,20.0,999,4.5,3.05,7.5,7.3,7.7,685.1704,593.4345,770.6804,1.188,1.233,1.143,1.188,0.045,1980;1970;1960;1950;1910;1885,3.05;3.45;4.05;4.55;5.65;6.45,2021.739,-999.0,-999.0,-999.0,118.35,15.0,Non_cratonic,Non_cratonic,4,NSHA23CAT_V0.1_hmtk_declustered.csv
Richmond,RMD,area,1.0,1.0,1.0,5.0,2.5,10.0,0.0,20.0,999,4.5,3.3,7.3,7.1,7.5,142.7375,72.29221,231.4601,1.115,1.166,1.064,1.115,0.051,1995;1970;1960;1930;1905;1880,3.05;3.95;4.55;5.55;6.05;6.55,2021.739,-999.0,-999.0,-999.0,71.11,15.0,Cratonic,Cratonic,1,NSHA23CAT_V0.1_hmtk_declustered.csv
Shark Bay,SKB,area,6.0,1.0,0.9998,10.0,5.0,15.0,0.0,20.0,999,4.5,3.2,7.7,7.5,7.9,2952.931,3801.339,2268.943,0.983,1.033,0.933,0.983,0.05,1985;1970;1960;1930;1905;1880,3.05;4.05;4.55;5.55;6.05;6.45,2021.739,-999.0,-999.0,-999.0,99.25,15.0,Extended,Non_cratonic,6,NSHA23CAT_V0.1_hmtk_declustered.csv
Southern New England,SNE,area,4.0,1.0,1.0,10.0,5.0,15.0,0.0,20.0,999,4.5,3.05,7.5,7.3,7.7,867.0365,800.7879,920.0601,1.188,1.233,1.143,1.188,0.045,1980;1970;1960;1930;1900;1880,3.05;3.95;4.45;5.45;6.05;6.45,2021.739,-999.0,-999.0,-999.0,60.3,15.0,Non_cratonic,Non_cratonic,4,NSHA23CAT_V0.1_hmtk_declustered.csv
Stawell,SWL,area,4.0,1.0,1.0,10.0,5.0,15.0,0.0,20.0,999,4.5,3.05,7.5,7.3,7.7,419.1641,105.8474,947.6502,1.188,1.233,1.143,1.188,0.045,1980;1970;1960;1950;1910;1885,3.05;3.45;4.05;4.55;5.65;6.45,2021.739,-999.0,-999.0,-999.0,130.38,15.0,Non_cratonic,Non_cratonic,4,NSHA23CAT_V0.1_hmtk_declustered.csv
Strzelecki Ranges,SZR,area,5.0,1.0,1.0,10.0,5.0,15.0,0.0,20.0,999,4.5,3.0,7.5,7.3,7.7,3165.724,4205.059,2318.862,1.181,1.247,1.115,1.181,0.066,1980;1970;1960;1950;1910;1885,3.05;3.45;4.05;4.55;5.65;6.45,2021.739,-999.0,-999.0,-999.0,134.99,15.0,Extended,Non_cratonic,5,NSHA23CAT_V0.1_hmtk_declustered.csv
Surat,SRT,area,4.0,1.0,1.0,10.0,5.0,15.0,0.0,20.0,999,4.5,3.2,7.5,7.3,7.7,3308.83,3608.182,2896.39,1.188,1.233,1.143,1.188,0.045,1995;1980;1970;1960;1930;1905;1880,3.05;3.45;3.95;4.55;5.55;6.05;6.55,2021.739,-999.0,-999.0,-999.0,58.82,15.0,Non_cratonic,Non_cratonic,4,NSHA23CAT_V0.1_hmtk_declustered.csv
Sydney Coast,SYC,area,4.0,1.0,1.0,10.0,5.0,15.0,0.0,20.0,999,4.5,3.0,7.7,7.5,7.9,1216.854,1225.394,1127.815,1.188,1.233,1.143,1.0,0.1,1990;1960;1945;1885,2.85;3.45;4.55;5.45,2021.739,-999.0,-999.0,-999.0,61.78,15.0,Extended,Non_cratonic,7,NSHA23CAT_V0.1_hmtk_declustered.csv
Tabberabbera,TAB,area,4.0,1.0,1.0,10.0,5.0,15.0,0.0,20.0,999,4.5,3.05,7.5,7.3,7.7,239.0847,117.3019,400.2117,1.188,1.233,1.143,1.188,0.045,1980;1970;1960;1950;1910;1885,3.05;3.45;4.05;4.55;5.65;6.45,2021.739,-999.0,-999.0,-999.0,126.11,15.0,Non_cratonic,Non_cratonic,4,NSHA23CAT_V0.1_hmtk_declustered.csv
Tamworth Terrane,TAM,area,4.0,1.0,1.0,10.0,5.0,15.0,0.0,20.0,999,4.5,3.05,7.5,7.3,7.7,2195.083,2368.999,1941.483,1.188,1.233,1.143,1.188,0.045,1980;1970;1960;1930;1900;1880,3.05;3.95;4.45;5.45;6.05;6.45,2021.739,-999.0,-999.0,-999.0,59.0,15.0,Non_cratonic,Non_cratonic,4,NSHA23CAT_V0.1_hmtk_declustered.csv
Thomson,TOM,area,4.0,1.0,1.0,10.0,5.0,15.0,0.0,20.0,999,4.5,3.05,7.5,7.3,7.7,896.1775,846.9607,934.2865,1.188,1.233,1.143,1.188,0.045,1980;1970;1960;1950;1910;1885,3.05;3.45;4.05;4.55;5.65;6.45,2021.739,-999.0,-999.0,-999.0,129.63,15.0,Non_cratonic,Non_cratonic,4,NSHA23CAT_V0.1_hmtk_declustered.csv
Timor Sea,TRS,area,6.0,1.0,1.3821,10.0,5.0,15.0,0.0,20.0,999,4.5,3.8,7.7,7.5,7.9,1047.015,1085.633,989.6507,0.983,1.033,0.933,0.983,0.05,1980;1964;1900,3.5;5.0;6.0,2021.739,-999.0,-999.0,-999.0,50.92,15.0,Extended,Non_cratonic,6,NSHA23CAT_V0.1_hmtk_declustered.csv
Venus Bay,VNB,area,5.0,1.0,1.0,10.0,5.0,15.0,0.0,20.0,999,4.5,3.0,7.5,7.3,7.7,442.1155,399.194,466.1329,1.181,1.247,1.115,1.181,0.066,1980;1970;1960;1950;1910;1885,3.05;3.45;4.05;4.55;5.65;6.45,2021.739,-999.0,-999.0,-999.0,134.99,15.0,Extended,Non_cratonic,5,NSHA23CAT_V0.1_hmtk_declustered.csv
Warburton,WAR,area,3.0,1.0,1.0,5.0,2.5,10.0,0.0,20.0,999,4.5,3.2,7.5,7.3,7.7,982.222,1169.246,810.1105,0.945,0.989,0.901,0.945,0.044,1970;1960;1950;1885,2.95;4.05;4.55;5.65,2021.739,-999.0,-999.0,-999.0,97.85,15.0,Cratonic,Cratonic,3,NSHA23CAT_V0.1_hmtk_declustered.csv
West Sydney Basin,WSB,area,4.0,1.0,1.0,10.0,5.0,15.0,0.0,20.0,999,4.5,3.05,7.5,7.3,7.7,1707.082,1817.968,1522.812,1.188,1.233,1.143,1.188,0.045,1990;1960;1945;1885,2.85;3.45;4.55;5.45,2021.739,-999.0,-999.0,-999.0,63.72,15.0,Non_cratonic,Non_cratonic,4,NSHA23CAT_V0.1_hmtk_declustered.csv
West Tasmania,WTA,area,2.0,1.0,1.0,10.0,5.0,15.0,0.0,20.0,999,4.5,3.0,7.5,7.3,7.7,10245.73,12061.74,8535.776,1.311,1.357,1.265,1.311,0.046,1990;1960;1945;1885,2.95;3.45;4.55;5.45,2021.739,-999.0,-999.0,-999.0,138.88,15.0,Non_cratonic,Non_cratonic,3,NSHA23CAT_V0.1_hmtk_declustered.csv
Western Port,WNP,area,5.0,1.0,1.0,10.0,5.0,15.0,0.0,20.0,999,4.5,3.0,7.5,7.3,7.7,327.7612,272.2349,369.0715,1.181,1.247,1.115,1.181,0.066,1980;1970;1960;1950;1910;1885,3.05;3.45;4.05;4.55;5.65;6.45,2021.739,-999.0,-999.0,-999.0,134.99,15.0,Extended,Non_cratonic,5,NSHA23CAT_V0.1_hmtk_declustered.csv
Wimmera,WIM,area,4.0,1.0,1.0,10.0,5.0,15.0,0.0,20.0,999,4.5,3.05,7.5,7.3,7.7,361.7567,181.2048,593.1364,1.188,1.233,1.143,1.188,0.045,1980;1970;1960;1950;1910;1885,3.05;3.45;4.05;4.55;5.65;6.45,2021.739,-999.0,-999.0,-999.0,129.51,15.0,Non_cratonic,Non_cratonic,4,NSHA23CAT_V0.1_hmtk_declustered.csv
Wiso Basin,WSO,area,1.0,1.0,1.0,5.0,2.5,10.0,0.0,20.0,999,4.5,3.3,7.3,7.1,7.5,1117.791,1114.884,1104.197,1.115,1.166,1.064,1.115,0.051,1995;1970;1960;1930;1905;1880,3.05;3.95;4.55;5.55;6.05;6.55,2021.739,-999.0,-999.0,-999.0,35.34,15.0,Cratonic,Cratonic,1,NSHA23CAT_V0.1_hmtk_declustered.csv
Yilgarn,YIL,area,1.0,1.0,1.0,5.0,2.5,10.0,0.0,20.0,999,4.5,3.2,7.3,7.1,7.5,7045.77,9112.222,5386.036,1.115,1.166,1.064,1.115,0.051,1985;1975;1960;1930;1905;1880,3.05;3.55;4.55;5.55;6.05;6.45,2021.739,-999.0,-999.0,-999.0,87.83,15.0,Cratonic,Cratonic,1,NSHA23CAT_V0.1_hmtk_declustered.csv
Young,YNG,area,4.0,1.0,1.0,10.0,5.0,15.0,0.0,20.0,999,4.5,3.05,7.5,7.3,7.7,3254.15,3661.933,2798.493,1.188,1.233,1.143,1.188,0.045,1990;1960;1945;1885,2.85;3.45;4.55;5.45,2021.739,-999.0,-999.0,-999.0,74.72,15.0,Non_cratonic,Non_cratonic,4,NSHA23CAT_V0.1_hmtk_declustered.csv
Peterborough,PBG,area,2.0,1.0,1.0,10.0,5.0,15.0,0.0,20.0,999,4.5,3.0,7.5,7.3,7.7,12323.12,15037.29,9982.778,1.311,1.357,1.265,1.311,0.046,1970;1960;1950;1885,2.95;4.05;4.55;5.65,2021.739,-999.0,-999.0,-999.0,102.08,15.0,Non_cratonic,Non_cratonic,2,NSHA23CAT_V0.1_hmtk_declustered.csv
Eromanga,EMG,area,4.0,1.0,1.0,10.0,5.0,15.0,0.0,20.0,999,4.5,3.2,7.5,7.3,7.7,1217.034,1017.677,1402.061,1.188,1.233,1.143,1.188,0.045,2000;1990;1970;1960;1930;1900;1880,2.95;3.45;3.95;4.45;5.55;6.05;6.45,2021.739,-999.0,-999.0,-999.0,74.91,18.54,Non_cratonic,Non_cratonic,4,NSHA23CAT_V0.1_hmtk_declustered.csv
Cooper,CPR,area,4.0,1.0,1.0,10.0,5.0,15.0,0.0,20.0,999,4.5,3.05,7.5,7.3,7.7,3912.504,4333.853,3401.3,1.188,1.233,1.143,1.188,0.045,1995;1970;1960;1930;1905;1880,3.05;3.95;4.55;5.55;6.05;6.55,2021.739,-999.0,-999.0,-999.0,97.88,15.0,Non_cratonic,Non_cratonic,4,NSHA23CAT_V0.1_hmtk_declustered.csv
Mt Buffalo,MBF,area,4.0,1.0,1.0,10.0,5.0,15.0,0.0,20.0,999,4.5,3.05,7.5,7.3,7.7,264.6614,129.8505,443.0254,1.188,1.233,1.143,1.188,0.045,1980;1970;1960;1950;1910;1885,3.05;3.45;4.05;4.55;5.65;6.45,2021.739,-999.0,-999.0,-999.0,129.63,15.0,Non_cratonic,Non_cratonic,4,NSHA23CAT_V0.1_hmtk_declustered.csv
Kalgoorlie,KAL,area,1.0,1.0,1.0,5.0,2.5,10.0,0.0,20.0,999,4.5,3.2,7.3,7.1,7.5,5023.048,6414.447,3878.835,1.115,1.166,1.064,1.115,0.051,1980;1960;1950;1900;1880,3.15;3.55;4.55;5.65;6.45,2021.739,-999.0,-999.0,-999.0,88.61,15.0,Cratonic,Cratonic,1,NSHA23CAT_V0.1_hmtk_declustered.csv
Yilgarn Extra,YGE,area,1.0,1.0,1.0,5.0,2.5,10.0,0.0,20.0,999,4.5,3.2,7.3,7.1,7.5,208.5477,137.8652,284.2863,1.115,1.166,1.064,1.115,0.051,1980;1960;1950;1900;1880,3.15;3.55;4.55;5.65;6.45,2021.739,-999.0,-999.0,-999.0,88.77,15.0,Cratonic,Cratonic,1,NSHA23CAT_V0.1_hmtk_declustered.csv
Eyre Peninsula,EYP,area,1.0,1.0,1.0,5.0,2.5,10.0,0.0,20.0,999,4.5,3.0,7.3,7.1,7.5,451.4559,454.081,411.4422,1.115,1.166,1.064,1.311,0.046,1970;1960;1950;1885,2.95;4.05;4.55;5.65,2021.739,-999.0,-999.0,-999.0,102.67,15.0,Cratonic,Cratonic,1,NSHA23CAT_V0.1_hmtk_declustered.csv
Flinders Ranges,FLR,area,2.0,1.0,1.0,5.0,2.5,10.0,0.0,20.0,999,4.5,3.0,7.5,7.3,7.7,27628.86,35072.21,21654.72,1.311,1.357,1.265,1.311,0.046,1970;1960;1950;1885,2.95;4.05;4.55;5.65,2021.739,-999.0,-999.0,-999.0,102.08,15.0,Cratonic,Cratonic,3,NSHA23CAT_V0.1_hmtk_declustered.csv
Spencer Gulf,SPG,area,2.0,1.0,1.0,5.0,2.5,10.0,0.0,20.0,999,4.5,3.0,7.3,7.1,7.5,4250.149,4748.457,3677.33,1.311,1.357,1.265,1.311,0.046,1970;1960;1950;1885,2.95;4.05;4.55;5.65,2021.739,-999.0,-999.0,-999.0,116.72,15.0,Cratonic,Cratonic,1,NSHA23CAT_V0.1_hmtk_declustered.csv
Stuart Shelf,STS,area,2.0,1.0,1.0,5.0,2.5,10.0,0.0,20.0,999,4.5,3.0,7.3,7.1,7.5,854.6442,704.7623,998.3887,1.311,1.357,1.265,1.311,0.046,1970;1960;1950;1885,2.95;4.05;4.55;5.65,2021.739,-999.0,-999.0,-999.0,97.88,15.0,Cratonic,Cratonic,1,NSHA23CAT_V0.1_hmtk_declustered.csv
Whyalla,WHY,area,2.0,1.0,1.0,5.0,2.5,10.0,0.0,20.0,999,4.5,3.0,7.3,7.1,7.5,8182.139,9714.791,6772.47,1.311,1.357,1.265,1.311,0.046,1970;1960;1950;1885,2.95;4.05;4.55;5.65,2021.739,-999.0,-999.0,-999.0,102.67,15.0,Cratonic,Cratonic,1,NSHA23CAT_V0.1_hmtk_declustered.csv
Gawler,GAW,area,1.0,1.0,1.0,5.0,2.5,10.0,0.0,20.0,999,4.5,3.0,7.3,7.1,7.5,150.4853,111.1809,190.5009,1.115,1.166,1.064,1.311,0.046,1970;1960;1950;1885,2.95;4.05;4.55;5.65,2021.739,-999.0,-999.0,-999.0,98.1,15.0,Cratonic,Cratonic,1,NSHA23CAT_V0.1_hmtk_declustered.csv
Broken Hill,BKH,area,2.0,1.0,1.0,10.0,5.0,15.0,0.0,20.0,999,4.5,3.0,7.5,7.3,7.7,4706.41,5082.478,4150.637,1.311,1.357,1.265,1.311,0.046,1980;1970;1960;1950;1910;1885,3.05;3.45;4.05;4.55;5.65;6.45,2021.739,-999.0,-999.0,-999.0,99.59,15.0,Non_cratonic,Non_cratonic,2,NSHA23CAT_V0.1_hmtk_declustered.csv
Yunta,YUN,area,2.0,1.0,1.0,10.0,5.0,15.0,0.0,20.0,999,4.5,3.0,7.5,7.3,7.7,1116.454,997.5912,1225.271,1.311,1.357,1.265,1.311,0.046,1970;1960;1950;1885,2.95;4.05;4.55;5.65,2021.739,-999.0,-999.0,-999.0,101.99,15.0,Non_cratonic,Non_cratonic,2,NSHA23CAT_V0.1_hmtk_declustered.csv
Central New England,CNE,area,4.0,1.0,1.0,10.0,5.0,15.0,0.0,20.0,999,4.5,3.05,7.5,7.3,7.7,886.4921,818.7569,940.7055,1.188,1.233,1.143,1.188,0.045,1980;1970;1960;1930;1900;1880,3.05;3.95;4.45;5.45;6.05;6.45,2021.739,-999.0,-999.0,-999.0,56.62,15.0,Non_cratonic,Non_cratonic,4,NSHA23CAT_V0.1_hmtk_declustered.csv
Northern New England,NNE,area,4.0,1.0,0.999,10.0,5.0,15.0,0.0,20.0,999,4.5,3.05,7.5,7.3,7.7,603.9651,499.8264,703.0337,1.188,1.233,1.143,1.188,0.045,1980;1970;1960;1930;1900;1880,3.05;3.95;4.45;5.45;6.05;6.45,2021.739,-999.0,-999.0,-999.0,51.37,15.0,Non_cratonic,Non_cratonic,4,NSHA23CAT_V0.1_hmtk_declustered.csv
Gayndah,GDH,area,4.0,1.0,0.9998,10.0,5.0,15.0,0.0,20.0,999,4.5,3.05,7.5,7.3,7.7,1503.646,1546.881,1370.269,1.188,1.233,1.143,1.188,0.045,1980;1970;1960;1930;1900;1880,3.05;3.95;4.45;5.45;6.05;6.45,2021.739,-999.0,-999.0,-999.0,52.42,15.0,Non_cratonic,Non_cratonic,4,NSHA23CAT_V0.1_hmtk_declustered.csv
New England Coast,NEC,area,7.0,1.0,1.0,10.0,5.0,15.0,0.0,20.0,999,4.5,3.0,7.7,7.5,7.9,101.527,95.75936,97.00237,1.0,1.1,0.9,1.0,0.1,1980;1970;1960;1930;1900;1880,3.05;3.95;4.45;5.45;6.05;6.45,2021.739,-999.0,-999.0,-999.0,60.19,15.0,Extended,Non_cratonic,7,NSHA23CAT_V0.1_hmtk_declustered.csv
Maryborough,MBG,area,7.0,1.0,1.0,10.0,5.0,15.0,0.0,20.0,999,4.5,3.0,8.0,7.8,8.2,173.5222,221.1461,132.6419,1.0,1.1,0.9,1.0,0.1,1980;1970;1960;1930;1900;1880,3.05;3.95;4.45;5.45;6.05;6.45,2021.739,-999.0,-999.0,-999.0,53.36,15.0,Extended,Non_cratonic,7,NSHA23CAT_V0.1_hmtk_declustered.csv
Seamound,SEA,area,8.0,1.0,1.0,10.0,5.0,15.0,0.0,20.0,999,4.5,3.5,8.0,7.8,8.2,259.2958,203.1416,271.8213,1.0,1.1,0.9,1.0,0.1,2000;1980;1964;1930;1900,3.45;4.55;5.05;5.55;6.05,2021.739,-999.0,-999.0,-999.0,58.55,15.0,Oceanic,Non_cratonic,8,NSHA23CAT_V0.1_hmtk_declustered.csv
Mt Buller,MBL,area,4.0,1.0,1.0,10.0,5.0,15.0,0.0,20.0,999,4.5,3.05,7.5,7.3,7.7,746.2202,593.5609,893.0813,1.188,1.233,1.143,1.188,0.045,1980;1970;1960;1950;1910;1885,3.05;3.45;4.05;4.55;5.65;6.45,2021.739,-999.0,-999.0,-999.0,129.63,15.0,Non_cratonic,Non_cratonic,4,NSHA23CAT_V0.1_hmtk_declustered.csv
Yea,YEA,area,4.0,1.0,1.0,10.0,5.0,15.0,0.0,20.0,999,4.5,3.05,7.5,7.3,7.7,402.6434,288.5738,525.4406,1.188,1.233,1.143,1.188,0.045,1980;1970;1960;1950;1910;1885,3.05;3.45;4.05;4.55;5.65;6.45,2021.739,-999.0,-999.0,-999.0,129.63,15.0,Non_cratonic,Non_cratonic,4,NSHA23CAT_V0.1_hmtk_declustered.csv
Yarrawonga,YAR,area,4.0,1.0,1.0,10.0,5.0,15.0,0.0,20.0,999,4.5,3.05,7.5,7.3,7.7,952.3227,248.0734,2087.123,1.188,1.233,1.143,1.188,0.045,1980;1970;1960;1950;1910;1885,3.05;3.45;4.05;4.55;5.65;6.45,2021.739,-999.0,-999.0,-999.0,129.63,15.0,Non_cratonic,Non_cratonic,4,NSHA23CAT_V0.1_hmtk_declustered.csv
Shepparton,SPT,area,4.0,1.0,1.0,10.0,5.0,15.0,0.0,20.0,999,4.5,3.05,7.5,7.3,7.7,314.3053,155.8135,520.7026,1.188,1.233,1.143,1.188,0.045,1980;1970;1960;1950;1910;1885,3.05;3.45;4.05;4.55;5.65;6.45,2021.739,-999.0,-999.0,-999.0,129.63,15.0,Non_cratonic,Non_cratonic,4,NSHA23CAT_V0.1_hmtk_declustered.csv
Eildon,ELD,area,4.0,1.0,1.0,10.0,5.0,15.0,0.0,20.0,999,4.5,3.05,7.5,7.3,7.7,521.4494,431.5384,606.9829,1.188,1.233,1.143,1.188,0.045,1980;1970;1960;1950;1910;1885,3.05;3.45;4.05;4.55;5.65;6.45,2021.739,-999.0,-999.0,-999.0,129.63,15.0,Non_cratonic,Non_cratonic,4,NSHA23CAT_V0.1_hmtk_declustered.csv
Southwestern Oceanic Buffer,SWOB,area,8.0,1.0,1.0,10.0,5.0,15.0,0.0,20.0,999,4.5,3.5,7.5,7.3,7.7,167.0123,161.1936,155.9369,1.0,1.1,0.9,1.0,0.1,2000;1980;1964;1900,3.2;3.5;5.0;6.0,2021.739,-999.0,-999.0,-999.0,115.25,15.34,Oceanic,Non_cratonic,8,NSHA23CAT_V0.1_hmtk_declustered.csv
Southern Extended Margin,SEM,area,7.0,1.0,1.0,10.0,5.0,15.0,0.0,20.0,999,4.5,3.2,7.7,7.5,7.9,927.7639,1532.948,539.0371,1.0,1.1,0.9,1.0,0.1,1985;1970;1960;1930;1905;1880,3.05;4.05;4.55;5.55;6.05;6.45,2021.739,-999.0,-999.0,-999.0,99.42,18.5,Extended,Non_cratonic,7,NSHA23CAT_V0.1_hmtk_declustered.csv
Southeastern Extended Margin,SEEM,area,7.0,1.0,1.0,10.0,5.0,15.0,0.0,20.0,999,4.5,3.5,7.7,7.5,7.9,270.0975,312.3251,218.4608,1.0,1.1,0.9,1.0,0.1,1980;1964;1900,3.5;5.0;6.0,2021.739,-999.0,-999.0,-999.0,132.78,62.78,Extended,Non_cratonic,7,NSHA23CAT_V0.1_hmtk_declustered.csv
Southeastern Oceanic Buffer,SEOB,area,8.0,1.0,1.0,10.0,5.0,15.0,0.0,20.0,999,4.5,3.5,7.5,7.3,7.7,405.1463,540.965,292.2982,1.0,1.1,0.9,1.0,0.1,1980;1964;1900,3.5;5.0;6.0,2021.739,-999.0,-999.0,-999.0,134.02,15.0,Oceanic,Non_cratonic,8,NSHA23CAT_V0.1_hmtk_declustered.csv
Eastern Oceanic Buffer,EOB,area,8.0,1.0,1.0,10.0,5.0,15.0,0.0,20.0,999,4.5,3.5,7.5,7.3,7.7,381.7011,518.7446,275.2658,1.0,1.1,0.9,1.0,0.1,2000;1975;1964;1904,3.0;3.5;5.0;6.0,2021.739,-999.0,-999.0,-999.0,68.65,36.73,Oceanic,Non_cratonic,8,NSHA23CAT_V0.1_hmtk_declustered.csv
Western Oceanic Buffer,WOB,area,8.0,1.0,1.0,10.0,5.0,15.0,0.0,20.0,999,4.5,3.5,7.5,7.3,7.7,270.0975,312.3251,218.4608,1.0,1.1,0.9,1.0,0.1,1980;1964;1900,3.5;5.0;6.0,2021.739,-999.0,-999.0,-999.0,89.0,15.0,Oceanic,Non_cratonic,8,NSHA23CAT_V0.1_hmtk_declustered.csv
Nusa Tenggara Shallow,NTS,area,9.0,1.0,1.0,10.0,-999.0,-999.0,0.0,30.0,999,4.5,5.75,8.0,7.8,8.2,36199.15,62399.13,20581.51,0.924,0.995,0.853,0.924,0.071,1975;1964;1904,5.75;6.25;7.5,2022.934,10.0,90.0,0.0,164.44,20.79,Active,Non_cratonic,9,ISC-GEM_V9.1_hmtk_GK74_declustered_clip.csv
Tanimbar,TB,area,9.0,1.0,1.0,10.0,-999.0,-999.0,0.0,40.0,999,4.5,5.75,8.0,7.8,8.2,29222.27,47237.64,17611.23,0.924,0.995,0.853,0.924,0.071,1975;1964;1904,5.75;6.25;7.5,2022.934,225.0,30.0,90.0,103.94,71.44,Active,Non_cratonic,9,ISC-GEM_V9.1_hmtk_GK74_declustered_clip.csv
West Banda Sea,WBS,area,9.0,1.0,1.0,10.0,-999.0,-999.0,0.0,40.0,999,4.5,5.75,8.0,7.8,8.2,80976.26,160949.4,38703.44,0.924,0.995,0.853,0.924,0.071,1975;1964;1904,5.75;6.25;7.5,2022.934,90.0,30.0,90.0,25.79,15.0,Active,Non_cratonic,9,ISC-GEM_V9.1_hmtk_GK74_declustered_clip.csv
Taira Adiuna Fault System,TAFS,area,9.0,1.0,1.0,10.0,-999.0,-999.0,0.0,35.0,999,4.5,5.75,7.8,7.6,8.0,32189.17,52891.28,19084.71,0.924,0.995,0.853,0.924,0.071,1975;1964;1904,5.75;6.25;7.5,2022.934,78.0,90.0,0.0,18.9,15.0,Active,Non_cratonic,9,ISC-GEM_V9.1_hmtk_GK74_declustered_clip.csv
Wapengo,WPG,area,9.0,1.0,1.0,10.0,-999.0,-999.0,0.0,35.0,999,4.5,5.75,7.9,7.7,8.1,35317.92,60083.72,20358.06,0.924,0.995,0.853,0.924,0.071,1975;1964;1904,5.75;6.25;7.5,2022.934,42.0,90.0,0.0,21.33,15.0,Active,Non_cratonic,9,ISC-GEM_V9.1_hmtk_GK74_declustered_clip.csv
Papuan Fold-Thrust Belt,PFTB,area,9.0,1.0,1.0,27.5,-999.0,-999.0,1.0,60.0,999,4.5,5.75,8.2,8.0,8.4,70797.25,138525.2,34172.77,0.924,0.995,0.853,0.924,0.071,1975;1964;1904,5.75;6.25;7.5,2022.934,300.0,45.0,90.0,41.47,15.0,Active,Non_cratonic,9,ISC-GEM_V9.1_hmtk_GK74_declustered_clip.csv
Memberamo Thrust Belt,MTB,area,9.0,1.0,1.0,25.0,-999.0,-999.0,1.0,60.0,999,4.5,5.75,8.0,7.8,8.2,88849.95,181030.8,41790.58,0.924,0.995,0.853,0.924,0.071,1975;1964;1904,5.75;6.25;7.5,2022.934,120.0,45.0,90.0,42.81,15.0,Active,Non_cratonic,9,ISC-GEM_V9.1_hmtk_GK74_declustered_clip.csv
Bewani-Torricelli Fault Zone South,BTFZS,area,9.0,1.0,1.0,27.5,-999.0,-999.0,1.0,60.0,999,4.5,5.75,8.2,8.0,8.4,49193.6,91009.48,24545.31,0.924,0.995,0.853,0.924,0.071,1975;1964;1904,5.75;6.25;7.5,2022.934,80.0,45.0,90.0,42.81,15.0,Active,Non_cratonic,9,ISC-GEM_V9.1_hmtk_GK74_declustered_clip.csv
Adelbert Block,ADB,area,9.0,1.0,0.2358,27.5,-999.0,-999.0,1.0,60.0,999,4.5,5.75,7.8,7.6,8.0,114894.6,114894.6,114894.6,0.924,0.995,0.853,0.924,0.071,1975;1964;1904,5.75;6.25;7.5,2022.934,90.0,90.0,0.0,32.92,15.0,Active,Non_cratonic,9,ISC-GEM_V9.1_hmtk_GK74_declustered_clip.csv
Huon Peninsula,HP,area,9.0,1.0,1.0,27.5,-999.0,-999.0,1.0,60.0,999,4.5,5.75,8.2,8.0,8.4,112696.4,234934.5,52195.51,0.924,0.995,0.853,0.924,0.071,1975;1964;1904,5.75;6.25;7.5,2022.934,30.0,45.0,90.0,32.92,15.0,Active,Non_cratonic,9,ISC-GEM_V9.1_hmtk_GK74_declustered_clip.csv
South Bismark Plate,SBS,area,9.0,1.0,1.0,27.5,-999.0,-999.0,1.0,60.0,999,4.5,5.75,8.0,7.8,8.2,209703.8,463111.6,93165.38,0.924,0.995,0.853,0.924,0.071,1975;1964;1904,5.75;6.25;7.5,2022.934,90.0,45.0,90.0,26.06,15.0,Active,Non_cratonic,9,ISC-GEM_V9.1_hmtk_GK74_declustered_clip.csv
New Britain Outer Trench,NBOT,area,9.0,1.0,1.0,20.0,-999.0,-999.0,1.0,30.0,999,4.5,5.75,8.2,8.0,8.4,122837.5,258880.2,56464.47,0.924,0.995,0.853,0.924,0.071,1975;1964;1904,5.75;6.25;7.5,2022.934,270.0,45.0,90.0,98.4,15.0,Active,Non_cratonic,9,ISC-GEM_V9.1_hmtk_GK74_declustered_clip.csv
New Britain Trench,NBT,area,10.0,1.0,1.0,25.0,-999.0,-999.0,1.0,60.0,999,4.5,6.1,8.8,8.6,9.0,15864.29,49767.36,4947.108,0.703,0.795,0.611,0.703,0.092,1975;1964;1904,5.75;6.25;7.5,2022.934,250.0,45.0,90.0,9.57,15.0,Interface,Subduction,10,ISC-GEM_V9.1_hmtk_GK74_declustered_clip.csv
Woodlark Microplate,WM,area,9.0,1.0,1.0,17.5,-999.0,-999.0,1.0,40.0,999,4.5,5.75,8.4,8.2,8.6,61132.46,116093.8,30044.92,0.924,0.995,0.853,0.924,0.071,1975;1964;1904,5.75;6.25;7.5,2022.934,90.0,45.0,90.0,73.57,16.45,Active,Non_cratonic,9,ISC-GEM_V9.1_hmtk_GK74_declustered_clip.csv
Woodlark Basin,WB,area,9.0,1.0,1.0,10.0,-999.0,-999.0,1.0,35.0,999,4.5,5.75,7.6,7.4,7.8,36999.68,63779.07,21036.66,0.924,0.995,0.853,0.924,0.071,1975;1964;1904,5.75;6.25;7.5,2022.934,90.0,90.0,0.0,71.86,15.0,Active,Non_cratonic,9,ISC-GEM_V9.1_hmtk_GK74_declustered_clip.csv
Region of New Britain Deep,RNBD,area,11.7,1.0,1.0,100.0,-999.0,-999.0,60.0,200.0,400,4.5,5.75,8.3,8.1,8.5,62308.47,95119.33,39207.72,0.861,0.907,0.815,0.861,0.046,1975;1964;1904,5.75;6.25;7.5,2022.934,250.0,45.0,90.0,0.51,15.0,Intraslab,Subduction,11,ISC-GEM_V9.1_hmtk_GK74_declustered_clip.csv
Bewani-Torricelli Fault Zone Deep,BTFZD,area,11.4,1.0,1.0,100.0,-999.0,-999.0,60.0,200.0,400,4.5,5.75,8.3,8.1,8.5,66602.2,102902.5,41546.19,0.861,0.907,0.815,0.861,0.046,1975;1964;1904,5.75;6.25;7.5,2022.934,300.0,45.0,90.0,32.92,15.0,Intraslab,Subduction,11,ISC-GEM_V9.1_hmtk_GK74_declustered_clip.csv
Owen Stanley Fault Zone Deep,OSFZD,area,11.4,1.0,1.0,100.0,-999.0,-999.0,60.0,180.0,380,4.5,5.75,8.3,8.1,8.5,16249.47,18745.04,13548.39,0.861,0.907,0.815,0.861,0.046,1975;1964;1904,5.75;6.25;7.5,2022.934,300.0,45.0,90.0,36.15,15.0,Intraslab,Subduction,11,ISC-GEM_V9.1_hmtk_GK74_declustered_clip.csv
Mamberamo Thrust Belt Deep,MTBD,area,11.5,1.0,1.0,100.0,-999.0,-999.0,60.0,130.0,330,4.5,5.75,8.3,8.1,8.5,20612.16,26786.4,14354.55,0.861,0.907,0.815,0.861,0.046,1975;1964;1904,5.75;6.25;7.5,2022.934,300.0,45.0,90.0,41.28,15.0,Intraslab,Subduction,11,ISC-GEM_V9.1_hmtk_GK74_declustered_clip.csv
Bismake Sea Seismic Lineation,BSSL,area,9.0,1.0,1.0,20.0,-999.0,-999.0,1.0,50.0,999,4.5,5.75,8.2,8.0,8.4,270805.0,609816.2,118515.2,0.924,0.995,0.853,0.924,0.071,1975;1964;1904,5.75;6.25;7.5,2022.934,100.0,90.0,0.0,35.34,15.0,Active,Non_cratonic,9,ISC-GEM_V9.1_hmtk_GK74_declustered_clip.csv
Wandamen Ransiki Fault Zone,WRFS,area,9.0,1.0,1.0,10.0,-999.0,-999.0,0.0,35.0,999,4.5,5.75,7.2,7.0,7.4,28421.74,45943.59,17128.78,0.924,0.995,0.853,0.924,0.071,1975;1964;1904,5.75;6.25;7.5,2022.934,160.0,90.0,0.0,26.28,15.0,Active,Non_cratonic,9,ISC-GEM_V9.1_hmtk_GK74_declustered_clip.csv
Cendrawasih,CDW,area,9.0,1.0,1.0,10.0,-999.0,-999.0,0.0,35.0,999,4.5,5.75,7.6,7.4,7.8,17996.91,22097.71,13208.35,0.924,0.995,0.853,0.924,0.071,1975;1964;1904,5.75;6.25;7.5,2022.934,50.0,40.0,90.0,21.33,15.0,Active,Non_cratonic,9,ISC-GEM_V9.1_hmtk_GK74_declustered_clip.csv
Waropen,WRP,area,9.0,1.0,1.0,10.0,-999.0,-999.0,0.0,35.0,999,4.5,5.75,7.8,7.6,8.0,12750.07,15151.72,9668.591,0.924,0.995,0.853,0.924,0.071,1975;1964;1904,5.75;6.25;7.5,2022.934,90.0,30.0,90.0,39.74,15.0,Active,Non_cratonic,9,ISC-GEM_V9.1_hmtk_GK74_declustered_clip.csv
Papuan Platform,PP,area,1.0,1.0,1.0,5.0,2.5,10.0,0.0,20.0,999,4.5,3.3,7.3,7.1,7.5,505.0471,345.8447,664.6337,1.115,1.166,1.064,1.115,0.051,1980;1964;1900,3.5;5.0;6.0,2021.739,-999.0,-999.0,-999.0,26.58,15.0,Cratonic,Cratonic,1,NSHA23CAT_V0.1_hmtk_declustered.csv
Northwest Oceanic,NWO,area,8.0,1.0,1.0,10.0,5.0,15.0,0.0,20.0,999,4.5,3.5,7.7,7.5,7.9,125.9561,125.9561,125.9561,1.0,1.1,0.9,1.0,0.1,2000;1975;1964;1904,3.55;5.75;6.25;7.5,2021.739,-999.0,-999.0,-999.0,98.5,15.0,Oceanic,Non_cratonic,8,NSHA23CAT_V0.1_hmtk_declustered.csv
Lengguru,LGR,area,9.0,1.0,1.0,10.0,-999.0,-999.0,0.0,35.0,999,4.5,5.75,7.0,6.8,7.2,8577.944,7773.855,7773.582,0.924,0.995,0.853,0.924,0.071,1975;1964;1904,5.75;6.25;7.5,2022.934,155.0,45.0,-90.0,24.71,15.0,Active,Non_cratonic,9,ISC-GEM_V9.1_hmtk_GK74_declustered_clip.csv
Banda 40-100km,BS_40_100,area,11.1,1.0,1.0,60.0,-999.0,-999.0,40.0,100.0,300,4.5,5.75,8.3,8.1,8.5,71131.82,109657.8,44443.66,0.861,0.907,0.815,0.861,0.046,1975;1964;1904,5.75;6.25;7.5,2022.934,0.0,45.0,-90.0,172.23,15.0,Intraslab,Subduction,11,ISC-GEM_V9.1_hmtk_GK74_declustered_clip.csv
Seram 40-100km,SRM_40_100,area,11.3,1.0,1.0,60.0,-999.0,-999.0,40.0,100.0,300,4.5,5.75,8.3,8.1,8.5,6203.801,6838.139,5352.97,0.861,0.907,0.815,0.861,0.046,1975;1964;1904,5.75;6.25;7.5,2022.934,285.0,45.0,-90.0,32.05,15.0,Intraslab,Subduction,11,ISC-GEM_V9.1_hmtk_GK74_declustered_clip.csv
Banda 100-200km,BS_100_200,area,11.1,1.0,1.0,150.0,-999.0,-999.0,100.0,200.0,400,4.5,5.75,8.3,8.1,8.5,27241.68,40970.79,17324.1,0.861,0.907,0.815,0.861,0.046,1975;1964;1904,5.75;6.25;7.5,2022.934,0.0,45.0,-90.0,101.32,70.91,Intraslab,Subduction,11,ISC-GEM_V9.1_hmtk_GK74_declustered_clip.csv
Banda 200-300km,BS_200_300,area,11.1,1.0,1.0,250.0,-999.0,-999.0,200.0,300.0,500,4.5,5.75,8.3,8.1,8.5,31276.51,30131.17,29893.91,0.861,0.907,0.815,0.861,0.046,1975;1964;1904,5.75;6.25;7.5,2022.934,0.0,45.0,-90.0,169.74,15.0,Intraslab,Subduction,11,ISC-GEM_V9.1_hmtk_GK74_declustered_clip.csv
Nusa Tenggara 40-100km,NT_40_100,area,11.3,1.0,1.0,60.0,-999.0,-999.0,40.0,100.0,300,4.5,5.75,8.3,8.1,8.5,22138.46,30912.4,14783.72,0.861,0.907,0.815,0.861,0.046,1975;1964;1904,5.75;6.25;7.5,2022.934,85.0,45.0,-90.0,166.76,23.83,Intraslab,Subduction,11,ISC-GEM_V9.1_hmtk_GK74_declustered_clip.csv
Nusa Tenggara 100-200km,NT_100_200,area,11.3,1.0,1.0,150.0,-999.0,-999.0,100.0,200.0,400,4.5,5.75,8.3,8.1,8.5,12877.63,8328.412,16145.33,0.861,0.907,0.815,0.861,0.046,1975;1964;1904,5.75;6.25;7.5,2022.934,85.0,45.0,-90.0,170.97,15.0,Intraslab,Subduction,11,ISC-GEM_V9.1_hmtk_GK74_declustered_clip.csv
Banda 300-400km,BS_300_400,area,11.2,1.0,1.0,350.0,-999.0,-999.0,300.0,400.0,600,4.5,5.75,8.3,8.1,8.5,17911.51,21392.75,14519.31,0.861,0.907,0.815,0.861,0.046,1975;1964;1904,5.75;6.25;7.5,2022.934,0.0,45.0,-90.0,29.05,15.0,Intraslab,Subduction,11,ISC-GEM_V9.1_hmtk_GK74_declustered_clip.csv
Nusa Tenggara 200-300km,NT_200_300,area,11.3,1.0,1.0,250.0,-999.0,-999.0,200.0,300.0,500,4.5,5.75,8.3,8.1,8.5,7201.144,4657.228,9028.429,0.861,0.907,0.815,0.861,0.046,1975;1964;1904,5.75;6.25;7.5,2022.934,85.0,45.0,-90.0,129.5,15.0,Intraslab,Subduction,11,ISC-GEM_V9.1_hmtk_GK74_declustered_clip.csv
Nusa Tenggara 300-400km,NT_300_400,area,11.2,1.0,1.0,350.0,-999.0,-999.0,300.0,400.0,600,4.5,5.75,8.3,8.1,8.5,16711.9,10808.16,20952.53,0.861,0.907,0.815,0.861,0.046,1975;1964;1904,5.75;6.25;7.5,2022.934,85.0,45.0,-90.0,170.17,15.0,Intraslab,Subduction,11,ISC-GEM_V9.1_hmtk_GK74_declustered_clip.csv
Banda 400-500km,BS_400_500,area,11.2,1.0,1.0,450.0,-999.0,-999.0,400.0,500.0,700,4.5,5.75,8.3,8.1,8.5,63993.05,100377.3,39473.12,0.861,0.907,0.815,0.861,0.046,1975;1964;1904,5.75;6.25;7.5,2022.934,0.0,45.0,-90.0,68.42,66.28,Intraslab,Subduction,11,ISC-GEM_V9.1_hmtk_GK74_declustered_clip.csv
Banda_500_600km,BS_500_600,area,11.2,1.0,1.0,550.0,-999.0,-999.0,500.0,600.0,800,4.5,5.75,8.3,8.1,8.5,63995.82,98194.56,40121.79,0.861,0.907,0.815,0.861,0.046,1975;1964;1904,5.75;6.25;7.5,2022.934,0.0,45.0,-90.0,68.42,66.28,Intraslab,Subduction,11,ISC-GEM_V9.1_hmtk_GK74_declustered_clip.csv
Banda Sea,BS,area,9.0,1.0,1.0,10.0,-999.0,-999.0,0.0,40.0,999,4.5,5.75,8.0,7.8,8.2,111927.1,232389.0,51982.92,0.924,0.995,0.853,0.924,0.071,1975;1964;1904,5.75;6.25;7.5,2022.934,225.0,30.0,90.0,172.23,66.63,Active,Non_cratonic,9,ISC-GEM_V9.1_hmtk_GK74_declustered_clip.csv
Papaua Fold-Thrust Belt - Fly Platform Boundary,PFTB-FPB,area,9.0,1.0,1.0,20.0,-999.0,-999.0,1.0,50.0,999,4.5,5.75,8.0,7.8,8.2,50953.45,94265.24,25423.39,0.924,0.995,0.853,0.924,0.071,1975;1964;1904,5.75;6.25;7.5,2022.934,300.0,45.0,90.0,28.41,15.0,Active,Non_cratonic,9,ISC-GEM_V9.1_hmtk_GK74_declustered_clip.csv
Seram 100-200km,SRM_100_200,area,11.3,1.0,1.0,150.0,-999.0,-999.0,100.0,200.0,400,4.5,5.75,8.3,8.1,8.5,2289.561,1494.4,2836.296,0.861,0.907,0.815,0.861,0.046,1975;1964;1904,5.75;6.25;7.5,2022.934,285.0,45.0,-90.0,30.42,15.0,Intraslab,Subduction,11,ISC-GEM_V9.1_hmtk_GK74_declustered_clip.csv
Seram 200-300km,SRM_200_300,area,11.3,1.0,1.0,250.0,-999.0,-999.0,200.0,300.0,500,4.5,5.75,8.3,8.1,8.5,1689.697,1689.697,1689.697,0.861,0.907,0.815,0.861,0.046,1975;1964;1904,5.75;6.25;7.5,2022.934,285.0,45.0,-90.0,30.42,15.0,Intraslab,Subduction,11,ISC-GEM_V9.1_hmtk_GK74_declustered_clip.csv
Timor 100-200km,TMR_100_200,area,11.3,1.0,1.0,150.0,-999.0,-999.0,100.0,200.0,400,4.5,5.75,8.3,8.1,8.5,4282.607,2769.71,5369.316,0.861,0.907,0.815,0.861,0.046,1975;1964;1904,5.75;6.25;7.5,2022.934,80.0,45.0,-90.0,161.67,15.0,Intraslab,Subduction,11,ISC-GEM_V9.1_hmtk_GK74_declustered_clip.csv
Timor 200-300km,TMR_200_300,area,11.3,1.0,1.0,250.0,-999.0,-999.0,200.0,300.0,500,4.5,5.75,8.3,8.1,8.5,3880.935,2533.092,4807.682,0.861,0.907,0.815,0.861,0.046,1975;1964;1904,5.75;6.25;7.5,2022.934,80.0,45.0,-90.0,22.52,15.0,Intraslab,Subduction,11,ISC-GEM_V9.1_hmtk_GK74_declustered_clip.csv
Timor 300-400km,TMR_300_400,area,11.2,1.0,1.0,350.0,-999.0,-999.0,300.0,400.0,600,4.5,5.75,8.3,8.1,8.5,8858.383,8533.99,8466.792,0.861,0.907,0.815,0.861,0.046,1975;1964;1904,5.75;6.25;7.5,2022.934,80.0,45.0,-90.0,22.52,15.0,Intraslab,Subduction,11,ISC-GEM_V9.1_hmtk_GK74_declustered_clip.csv
Timor 40-100km,TMR_40_100,area,11.3,1.0,1.0,60.0,-999.0,-999.0,40.0,100.0,300,4.5,5.75,8.3,8.1,8.5,10460.96,11530.59,9026.275,0.861,0.907,0.815,0.861,0.046,1975;1964;1904,5.75;6.25;7.5,2022.934,80.0,45.0,-90.0,163.06,15.0,Intraslab,Subduction,11,ISC-GEM_V9.1_hmtk_GK74_declustered_clip.csv
